province,last_updated,data » date,data » change_cases,data » change_fatalities,data » change_tests,data » change_hospitalizations,data » change_criticals,data » change_recoveries,data » change_vaccinations,data » change_vaccinated,data » change_vaccines_distributed,data » total_cases,data » total_fatalities,data » total_tests,data » total_hospitalizations,data » total_criticals,data » total_recoveries,data » total_vaccinations,data » total_vaccinated,data » total_vaccines_distributed
All,04/07/2021 16:47,25/01/2020,1,0,2,0,0,0,0,0,0,1,0,2,0,0,0,0,0,0
,,26/01/2020,1,0,4,0,0,0,0,0,0,2,0,6,0,0,0,0,0,0
,,27/01/2020,0,0,20,0,0,0,0,0,0,2,0,26,0,0,0,0,0,0
,,28/01/2020,1,0,10,0,0,0,0,0,0,3,0,36,0,0,0,0,0,0
,,29/01/2020,0,0,3,0,0,0,0,0,0,3,0,39,0,0,0,0,0,0
,,30/01/2020,0,0,26,0,0,0,0,0,0,3,0,65,0,0,0,0,0,0
,,31/01/2020,1,0,33,0,0,0,0,0,0,4,0,98,0,0,0,0,0,0
,,01/02/2020,0,0,23,0,0,0,0,0,0,4,0,121,0,0,0,0,0,0
,,02/02/2020,0,0,24,0,0,0,0,0,0,4,0,145,0,0,0,0,0,0
,,03/02/2020,0,0,16,0,0,0,0,0,0,4,0,161,0,0,0,0,0,0
,,04/02/2020,0,0,56,0,0,0,0,0,0,4,0,217,0,0,0,0,0,0
,,05/02/2020,1,0,50,0,0,0,0,0,0,5,0,267,0,0,0,0,0,0
,,06/02/2020,2,0,35,0,0,0,0,0,0,7,0,302,0,0,0,0,0,0
,,07/02/2020,0,0,63,0,0,0,0,0,0,7,0,365,0,0,0,0,0,0
,,08/02/2020,0,0,41,0,0,0,0,0,0,7,0,406,0,0,0,0,0,0
,,09/02/2020,0,0,30,0,0,0,0,0,0,7,0,436,0,0,0,0,0,0
,,10/02/2020,0,0,10,0,0,0,0,0,0,7,0,446,0,0,0,0,0,0
,,11/02/2020,0,0,37,0,0,0,0,0,0,7,0,483,0,0,0,0,0,0
,,12/02/2020,0,0,70,0,0,0,0,0,0,7,0,553,0,0,0,0,0,0
,,13/02/2020,0,0,55,0,0,0,0,0,0,7,0,608,0,0,0,0,0,0
,,14/02/2020,1,0,91,0,0,0,0,0,0,8,0,699,0,0,0,0,0,0
,,15/02/2020,0,0,44,0,0,0,0,0,0,8,0,743,0,0,0,0,0,0
,,16/02/2020,0,0,12,0,0,0,0,0,0,8,0,755,0,0,0,0,0,0
,,17/02/2020,0,0,29,0,0,0,0,0,0,8,0,784,0,0,0,0,0,0
,,18/02/2020,0,0,4,0,0,0,0,0,0,8,0,788,0,0,0,0,0,0
,,19/02/2020,0,0,101,0,0,0,0,0,0,8,0,889,0,0,0,0,0,0
,,20/02/2020,1,0,57,0,0,0,0,0,0,9,0,946,0,0,0,0,0,0
,,21/02/2020,0,0,65,0,0,0,0,0,0,9,0,1011,0,0,0,0,0,0
,,22/02/2020,0,0,45,0,0,0,0,0,0,9,0,1056,0,0,0,0,0,0
,,23/02/2020,1,0,44,0,0,0,0,0,0,10,0,1100,0,0,0,0,0,0
,,24/02/2020,1,0,17,0,0,0,0,0,0,11,0,1117,0,0,0,0,0,0
,,25/02/2020,0,0,61,0,0,0,0,0,0,11,0,1178,0,0,0,0,0,0
,,26/02/2020,1,0,76,0,0,0,0,0,0,12,0,1254,0,0,0,0,0,0
,,27/02/2020,2,0,230,0,0,0,0,0,0,14,0,1484,0,0,0,0,0,0
,,28/02/2020,2,0,134,0,0,0,0,0,0,16,0,1618,0,0,0,0,0,0
,,29/02/2020,4,0,182,0,0,0,0,0,0,20,0,1800,0,0,0,0,0,0
,,01/03/2020,4,0,105,0,0,7,0,0,0,24,0,1905,0,0,7,0,0,0
,,02/03/2020,3,0,1127,0,0,0,0,0,0,27,0,3032,0,0,7,0,0,0
,,03/03/2020,6,0,329,0,0,0,0,0,0,33,0,3361,0,0,7,0,0,0
,,04/03/2020,1,0,522,0,0,0,0,0,0,34,0,3883,0,0,7,0,0,0
,,05/03/2020,13,0,752,0,0,1,0,0,0,47,0,4635,0,0,8,0,0,0
,,06/03/2020,5,0,585,0,0,0,0,0,0,52,0,5220,0,0,8,0,0,0
,,07/03/2020,8,0,1018,0,0,0,0,0,0,60,0,6238,0,0,8,0,0,0
,,08/03/2020,4,1,1053,0,0,0,0,0,0,64,1,7291,0,0,8,0,0,0
,,09/03/2020,15,0,777,4,0,0,0,0,0,79,1,8068,4,0,8,0,0,0
,,10/03/2020,17,0,1960,1,0,1,0,0,0,96,1,10028,5,0,9,0,0,0
,,11/03/2020,22,1,2057,0,0,0,0,0,0,117,2,12085,5,0,9,0,0,0
,,12/03/2020,40,0,2945,0,0,0,0,0,0,157,2,15030,5,0,9,0,0,0
,,13/03/2020,40,0,4517,2,1,1,0,0,0,196,2,19547,7,1,10,0,0,0
,,14/03/2020,59,0,4665,2,1,0,0,0,0,253,2,24212,9,2,10,0,0,0
,,15/03/2020,84,0,5797,0,0,0,0,0,0,337,2,30009,9,2,10,0,0,0
,,16/03/2020,100,3,6317,8,0,0,0,0,0,433,5,36326,17,2,10,0,0,0
,,17/03/2020,155,3,8279,5,4,0,0,0,0,587,8,44605,22,6,10,0,0,0
,,18/03/2020,130,1,12766,9,8,1,0,0,0,717,9,57371,31,14,11,0,0,0
,,19/03/2020,146,3,13115,11,2,2,0,0,0,862,12,70486,42,16,13,0,0,0
,,20/03/2020,214,1,12144,10,8,2,0,0,0,1074,13,82630,52,24,15,0,0,0
,,21/03/2020,244,4,14557,16,7,1,0,0,0,1317,17,97187,68,31,16,0,0,0
,,22/03/2020,189,3,13390,8,4,2,0,0,0,1506,20,110577,76,35,18,0,0,0
,,23/03/2020,639,4,13304,27,9,94,0,0,0,2145,24,123881,103,44,112,0,0,0
,,24/03/2020,661,3,13931,50,20,74,0,0,0,2806,27,137812,153,64,186,0,0,0
,,25/03/2020,590,8,13470,23,8,11,0,0,0,3396,35,151282,176,72,197,0,0,0
,,26/03/2020,634,4,14785,40,10,31,0,0,0,4030,39,166067,216,82,228,0,0,0
,,27/03/2020,713,16,14320,44,7,126,0,0,0,4743,55,180387,260,89,354,0,0,0
,,28/03/2020,898,6,17693,34,36,147,0,0,0,5641,61,198080,294,125,501,0,0,0
,,29/03/2020,681,5,18070,35,17,84,0,0,0,6322,66,216150,329,142,585,0,0,0
,,30/03/2020,1112,13,12172,77,15,529,0,0,0,7434,79,228322,406,157,1114,0,0,0
,,31/03/2020,1143,22,16631,76,8,183,0,0,0,8577,101,244953,482,165,1297,0,0,0
,,01/04/2020,1140,10,22557,44,9,424,0,0,0,9717,111,267510,526,174,1721,0,0,0
,,02/04/2020,1552,27,20065,467,188,250,0,0,0,11269,138,287575,993,362,1971,0,0,0
,,03/04/2020,1266,49,20384,136,35,352,0,0,0,12535,187,307959,1129,397,2323,0,0,0
,,04/04/2020,1469,46,18391,87,27,456,0,0,0,14004,233,326350,1216,424,2779,0,0,0
,,05/04/2020,1521,47,12974,56,31,321,0,0,0,15525,280,339324,1272,455,3100,0,0,0
,,06/04/2020,1128,43,11987,79,31,516,0,0,0,16653,323,351311,1351,486,3616,0,0,0
,,07/04/2020,1229,58,11703,79,19,434,0,0,0,17882,381,363014,1430,505,4050,0,0,0
,,08/04/2020,1394,54,14581,37,18,603,0,0,0,19276,435,377595,1467,523,4653,0,0,0
,,09/04/2020,1474,74,14945,71,38,658,0,0,0,20750,509,392540,1538,561,5311,0,0,0
,,10/04/2020,1383,60,16214,91,-19,702,0,0,0,22133,569,408754,1629,542,6013,0,0,0
,,11/04/2020,1169,84,15675,67,19,637,0,0,0,23302,653,424429,1696,561,6650,0,0,0
,,12/04/2020,1091,64,19474,96,9,522,0,0,0,24393,717,443903,1792,570,7172,0,0,0
,,13/04/2020,1270,63,16565,80,6,563,0,0,0,25663,780,460468,1872,576,7735,0,0,0
,,14/04/2020,1383,123,18615,64,-5,500,0,0,0,27046,903,479083,1936,571,8235,0,0,0
,,15/04/2020,1318,107,18380,70,-11,744,0,0,0,28364,1010,497463,2006,560,8979,0,0,0
,,16/04/2020,1727,165,23330,42,-20,750,0,0,0,30091,1175,520793,2048,540,9729,0,0,0
,,17/04/2020,1821,135,21013,83,-6,813,0,0,0,31912,1310,541806,2131,534,10542,0,0,0
,,18/04/2020,1455,160,27115,51,58,665,0,0,0,33367,1470,568921,2182,592,11207,0,0,0
,,19/04/2020,1702,120,24839,-50,-76,636,0,0,0,35069,1590,593760,2132,516,11843,0,0,0
,,20/04/2020,1745,100,21038,56,11,743,0,0,0,36814,1690,614798,2188,527,12586,0,0,0
,,21/04/2020,1591,144,22293,117,4,602,0,0,0,38405,1834,637091,2305,531,13188,0,0,0
,,22/04/2020,1768,140,24896,64,-13,798,0,0,0,40173,1974,661987,2369,518,13986,0,0,0
,,23/04/2020,1920,173,27491,148,-5,775,0,0,0,42093,2147,689478,2517,513,14761,0,0,0
,,24/04/2020,1778,155,28893,65,27,780,0,0,0,43871,2302,718371,2582,540,15541,0,0,0
,,25/04/2020,1466,163,27738,67,-7,884,0,0,0,45337,2465,746109,2649,533,16425,0,0,0
,,26/04/2020,1580,95,27357,27,3,896,0,0,0,46917,2560,773466,2676,536,17321,0,0,0
,,27/04/2020,1566,147,27571,37,-20,947,0,0,0,48483,2707,801037,2713,516,18268,0,0,0
,,28/04/2020,1520,152,21343,94,5,827,0,0,0,50003,2859,822380,2807,521,19095,0,0,0
,,29/04/2020,1570,137,32108,40,1,1232,0,0,0,51573,2996,854488,2847,522,20327,0,0,0
,,30/04/2020,1638,188,31435,56,-16,1090,0,0,0,53211,3184,885923,2903,506,21417,0,0,0
,,01/05/2020,1825,207,35927,50,8,1334,0,0,0,55036,3391,921850,2953,514,22751,0,0,0
,,02/05/2020,1653,175,34925,-27,-4,1050,0,0,0,56689,3566,956775,2926,510,23801,0,0,0
,,03/05/2020,2794,116,33706,48,4,1107,0,0,0,59483,3682,990481,2974,514,24908,0,0,0
,,04/05/2020,1265,172,30896,-5,-4,1109,0,0,0,60748,3854,1021377,2969,510,26017,0,0,0
,,05/05/2020,1273,189,23751,109,1,976,0,0,0,62021,4043,1045128,3078,511,26993,0,0,0
,,06/05/2020,1448,189,30330,5,-10,1178,0,0,0,63469,4232,1075458,3083,501,28171,0,0,0
,,07/05/2020,1424,176,33852,-5,5,1076,0,0,0,64893,4408,1109310,3078,506,29247,0,0,0
,,08/05/2020,1514,161,34850,-8,-22,979,0,0,0,66407,4569,1144160,3070,484,30226,0,0,0
,,09/05/2020,1268,124,37219,-16,-14,1023,0,0,0,67675,4693,1181379,3054,470,31249,0,0,0
,,10/05/2020,1155,178,35962,-67,-13,847,0,0,0,68830,4871,1217341,2987,457,32096,0,0,0
,,11/05/2020,1124,122,29010,70,-8,898,0,0,0,69954,4993,1246351,3057,449,32994,0,0,0
,,12/05/2020,1175,176,26770,-1,-14,1042,0,0,0,71129,5169,1273121,3056,435,34036,0,0,0
,,13/05/2020,1121,135,34247,23,1,1128,0,0,0,72250,5304,1307368,3079,436,35164,0,0,0
,,14/05/2020,1211,168,37813,-38,-14,927,0,0,0,73461,5472,1345181,3041,422,36091,0,0,0
,,15/05/2020,1125,90,40464,-66,-5,804,0,0,0,74586,5562,1385645,2975,417,36895,0,0,0
,,16/05/2020,1251,117,38990,-76,-13,924,0,0,0,75837,5679,1424635,2899,404,37819,0,0,0
,,17/05/2020,1146,103,37271,-43,-5,731,0,0,0,76983,5782,1461906,2856,399,38550,0,0,0
,,18/05/2020,1062,60,25682,40,-1,688,0,0,0,78045,5842,1487588,2896,398,39238,0,0,0
,,19/05/2020,1040,70,20266,-218,4,812,0,0,0,79085,5912,1507854,2678,402,40050,0,0,0
,,20/05/2020,1029,119,24024,-24,-8,726,0,0,0,80114,6031,1531878,2654,394,40776,0,0,0
,,21/05/2020,1182,121,30792,-17,-14,434,0,0,0,81296,6152,1562670,2637,380,41210,0,0,0
,,22/05/2020,1155,98,33782,-52,-11,1384,0,0,0,82451,6250,1596452,2585,369,42594,0,0,0
,,23/05/2020,1141,105,34036,-81,-5,711,0,0,0,83592,6355,1630488,2504,364,43305,0,0,0
,,24/05/2020,1084,69,31979,-56,4,680,0,0,0,84676,6424,1662467,2448,368,43985,0,0,0
,,25/05/2020,1006,121,27136,-33,7,653,0,0,0,85682,6545,1689603,2415,375,44638,0,0,0
,,26/05/2020,937,94,26211,-34,-4,701,0,0,0,86619,6639,1715814,2381,371,45339,0,0,0
,,27/05/2020,871,126,35577,-27,5,825,0,0,0,87490,6765,1751391,2354,376,46164,0,0,0
,,28/05/2020,994,111,37924,-62,-18,676,0,0,0,88484,6876,1789315,2292,358,46840,0,0,0
,,29/05/2020,906,102,44995,-69,-9,619,0,0,0,89390,6978,1834310,2223,349,47459,0,0,0
,,30/05/2020,772,95,42791,-86,-13,644,0,0,0,90162,7073,1877101,2137,336,48103,0,0,0
,,31/05/2020,766,222,38528,-21,6,776,0,0,0,90928,7295,1915629,2116,342,48879,0,0,0
,,01/06/2020,750,31,32400,-17,-2,596,0,0,0,91678,7326,1948029,2099,340,49475,0,0,0
,,02/06/2020,705,69,32944,8,0,869,0,0,0,92383,7395,1980973,2107,340,50344,0,0,0
,,03/06/2020,675,103,39894,-44,-7,691,0,0,0,93058,7498,2020867,2063,333,51035,0,0,0
,,04/06/2020,637,139,42574,-91,-19,691,0,0,0,93695,7637,2063441,1972,314,51726,0,0,0
,,05/06/2020,610,66,42916,-81,-18,829,0,0,0,94305,7703,2106357,1891,296,52555,0,0,0
,,06/06/2020,736,70,43306,-128,-6,1046,0,0,0,95041,7773,2149663,1763,290,53601,0,0,0
,,07/06/2020,649,27,30329,-47,-5,619,0,0,0,95690,7800,2179992,1716,285,54220,0,0,0
,,08/06/2020,527,33,37256,-27,-7,582,0,0,0,96217,7833,2217248,1689,278,54802,0,0,0
,,09/06/2020,408,62,36866,-21,-5,757,0,0,0,96625,7895,2254114,1668,273,55559,0,0,0
,,10/06/2020,473,63,40614,-72,4,1067,0,0,0,97098,7958,2294728,1596,277,56626,0,0,0
,,11/06/2020,405,36,46586,-81,-3,1019,0,0,0,97503,7994,2341314,1515,274,57645,0,0,0
,,12/06/2020,414,55,50173,-36,-14,865,0,0,0,97917,8049,2391487,1479,260,58510,0,0,0
,,13/06/2020,481,58,45722,-84,-8,831,0,0,0,98398,8107,2437209,1395,252,59341,0,0,0
,,14/06/2020,393,39,41072,-78,-25,918,0,0,0,98791,8146,2478281,1317,227,60259,0,0,0
,,15/06/2020,324,29,36360,-13,0,770,0,0,0,99115,8175,2514641,1304,227,61029,0,0,0
,,16/06/2020,324,38,36642,-58,-7,401,0,0,0,99439,8213,2551283,1246,220,61430,0,0,0
,,17/06/2020,386,41,46106,-60,-12,375,0,0,0,99825,8254,2597389,1186,208,61805,0,0,0
,,18/06/2020,366,46,47736,-89,-15,678,0,0,0,100191,8300,2645125,1097,193,62483,0,0,0
,,19/06/2020,407,46,48716,-78,-7,507,0,0,0,100598,8346,2693841,1019,186,62990,0,0,0
,,20/06/2020,404,64,45316,-47,2,485,0,0,0,101002,8410,2739157,972,188,63475,0,0,0
,,21/06/2020,323,20,41841,-60,5,398,0,0,0,101325,8430,2780998,912,193,63873,0,0,0
,,22/06/2020,283,6,36701,-21,-16,448,0,0,0,101608,8436,2817699,891,177,64321,0,0,0
,,23/06/2020,335,18,39061,21,1,370,0,0,0,101943,8454,2856760,912,178,64691,0,0,0
,,24/06/2020,279,30,41664,-26,-8,387,0,0,0,102222,8484,2898424,886,170,65078,0,0,0
,,25/06/2020,379,20,46260,-17,-5,334,0,0,0,102601,8504,2944684,869,165,65412,0,0,0
,,26/06/2020,250,4,49945,-23,-9,301,0,0,0,102851,8508,2994629,846,156,65713,0,0,0
,,27/06/2020,334,8,53381,-28,-8,247,0,0,0,103185,8516,3048010,818,148,65960,0,0,0
,,28/06/2020,309,6,46918,-44,-4,218,0,0,0,103494,8522,3094928,774,144,66178,0,0,0
,,29/06/2020,405,44,43287,18,-1,987,0,0,0,103899,8566,3138215,792,143,67165,0,0,0
,,30/06/2020,286,25,40629,-36,-15,414,0,0,0,104185,8591,3178844,756,128,67579,0,0,0
,,01/07/2020,265,28,38530,-16,-8,340,0,0,0,104450,8619,3217374,740,120,67919,0,0,0
,,02/07/2020,302,23,51582,-105,-1,415,0,0,0,104752,8642,3268956,635,119,68334,0,0,0
,,03/07/2020,325,21,42507,14,-2,346,0,0,0,105077,8663,3311463,649,117,68680,0,0,0
,,04/07/2020,266,11,39035,-17,-7,313,0,0,0,105343,8674,3350498,632,110,68993,0,0,0
,,05/07/2020,290,10,39649,-17,-5,251,0,0,0,105633,8684,3390147,615,105,69244,0,0,0
,,06/07/2020,288,9,32763,-18,-5,313,0,0,0,105921,8693,3422910,597,100,69557,0,0,0
,,07/07/2020,232,18,31672,-15,-3,313,0,0,0,106153,8711,3454582,582,97,69870,0,0,0
,,08/07/2020,267,26,42966,-26,1,364,0,0,0,106420,8737,3497548,556,98,70234,0,0,0
,,09/07/2020,371,11,48307,-30,-1,320,0,0,0,106791,8748,3545855,526,97,70554,0,0,0
,,10/07/2020,321,11,52702,1,2,323,0,0,0,107112,8759,3598557,527,99,70877,0,0,0
,,11/07/2020,297,14,53667,2,-6,455,0,0,0,107409,8773,3652224,529,93,71332,0,0,0
,,12/07/2020,380,10,51152,-15,0,240,0,0,0,107789,8783,3703376,514,93,71572,0,0,0
,,13/07/2020,349,7,41965,-15,1,256,0,0,0,108138,8790,3745341,499,94,71828,0,0,0
,,14/07/2020,331,8,35539,31,2,329,0,0,0,108469,8798,3780880,530,96,72157,0,0,0
,,15/07/2020,341,12,48329,-27,-7,315,0,0,0,108810,8810,3829209,503,89,72472,0,0,0
,,16/07/2020,437,17,55185,-12,-5,23999,0,0,0,109247,8827,3884394,491,84,96471,0,0,0
,,17/07/2020,405,12,58242,-8,3,204,0,0,0,109652,8839,3942636,483,87,96675,0,0,0
,,18/07/2020,547,9,60515,-13,1,269,0,0,0,110199,8848,4003151,470,88,96944,0,0,0
,,19/07/2020,467,4,53151,7,3,172,0,0,0,110666,8852,4056302,477,91,97116,0,0,0
,,20/07/2020,442,6,44506,11,6,345,0,0,0,111108,8858,4100808,488,97,97461,0,0,0
,,21/07/2020,575,4,47165,8,-4,283,0,0,0,111683,8862,4147973,496,93,97744,0,0,0
,,22/07/2020,542,8,52464,0,5,385,0,0,0,112225,8870,4200437,496,98,98129,0,0,0
,,23/07/2020,432,4,58091,15,0,377,0,0,0,112657,8874,4258528,511,98,98506,0,0,0
,,24/07/2020,534,7,61615,-27,-8,354,0,0,0,113191,8881,4320143,484,90,98860,0,0,0
,,25/07/2020,495,4,62327,-59,-6,312,0,0,0,113686,8885,4382470,425,84,99172,0,0,0
,,26/07/2020,479,5,55150,-27,-3,308,0,0,0,114165,8890,4437620,398,81,99480,0,0,0
,,27/07/2020,415,11,61777,3,-1,368,0,0,0,114580,8901,4499397,401,80,99848,0,0,0
,,28/07/2020,395,11,30013,11,0,253,0,0,0,114975,8912,4529410,412,80,100101,0,0,0
,,29/07/2020,415,5,57013,-9,0,351,0,0,0,115390,8917,4586423,403,80,100452,0,0,0
,,30/07/2020,410,12,61884,8,6,397,0,0,0,115800,8929,4648307,411,86,100849,0,0,0
,,31/07/2020,497,6,62633,-32,0,365,0,0,0,116297,8935,4710940,379,86,101214,0,0,0
,,01/08/2020,427,6,68143,-13,1,358,0,0,0,116724,8941,4779083,366,87,101572,0,0,0
,,02/08/2020,381,4,59731,-8,3,249,0,0,0,117105,8945,4838814,358,90,101821,0,0,0
,,03/08/2020,353,2,44847,1,-1,209,0,0,0,117458,8947,4883661,359,89,102030,0,0,0
,,04/08/2020,318,11,44242,4,10,407,0,0,0,117776,8958,4927903,363,99,102437,0,0,0
,,05/08/2020,396,4,45231,-22,0,338,0,0,0,118172,8962,4973134,341,99,102775,0,0,0
,,06/08/2020,374,4,55711,5,-7,318,0,0,0,118546,8966,5028845,346,92,103093,0,0,0
,,07/08/2020,424,4,59392,-18,-6,329,0,0,0,118970,8970,5088237,328,86,103422,0,0,0
,,08/08/2020,393,6,51279,-14,4,289,0,0,0,119363,8976,5139516,314,90,103711,0,0,0
,,09/08/2020,370,5,48507,-3,0,235,0,0,0,119733,8981,5188023,311,90,103946,0,0,0
,,10/08/2020,384,6,65629,-9,-7,2396,0,0,0,120117,8987,5253652,302,83,106342,0,0,0
,,11/08/2020,289,4,46763,-16,-1,297,0,0,0,120406,8991,5300415,286,82,106639,0,0,0
,,12/08/2020,423,15,54570,-13,-3,496,0,0,0,120829,9006,5354985,273,79,107135,0,0,0
,,13/08/2020,390,9,63586,-5,-1,404,0,0,0,121219,9015,5418571,268,78,107539,0,0,0
,,14/08/2020,418,5,64735,3,0,390,0,0,0,121637,9020,5483306,271,78,107929,0,0,0
,,15/08/2020,429,4,54918,-6,1,275,0,0,0,122066,9024,5538224,265,79,108204,0,0,0
,,16/08/2020,371,2,43556,-2,0,267,0,0,0,122437,9026,5581780,263,79,108471,0,0,0
,,17/08/2020,338,6,70235,-18,-6,576,0,0,0,122775,9032,5652015,245,73,109047,0,0,0
,,18/08/2020,364,13,48418,11,0,297,0,0,0,123139,9045,5700433,256,73,109344,0,0,0
,,19/08/2020,336,4,57407,3,1,310,0,0,0,123475,9049,5757840,259,74,109654,0,0,0
,,20/08/2020,383,5,59935,-12,0,621,0,0,0,123858,9054,5817775,247,74,110275,0,0,0
,,21/08/2020,500,10,65694,-9,-6,271,0,0,0,124358,9064,5883469,238,68,110546,0,0,0
,,22/08/2020,449,7,51257,-6,-8,126,0,0,0,124807,9071,5934726,232,60,110672,0,0,0
,,23/08/2020,453,2,43508,-6,-6,427,0,0,0,125260,9073,5978234,226,54,111099,0,0,0
,,24/08/2020,372,10,62774,3,0,453,0,0,0,125632,9083,6041008,229,54,111552,0,0,0
,,25/08/2020,323,7,44297,7,0,484,0,0,0,125955,9090,6085305,236,54,112036,0,0,0
,,26/08/2020,370,3,56692,-3,-1,333,0,0,0,126325,9093,6141997,233,53,112369,0,0,0
,,27/08/2020,432,8,61522,10,5,442,0,0,0,126757,9101,6203519,243,58,112811,0,0,0
,,28/08/2020,540,8,68665,10,1,409,0,0,0,127297,9109,6272184,253,59,113220,0,0,0
,,29/08/2020,582,4,55756,-10,3,267,0,0,0,127879,9113,6327940,243,62,113487,0,0,0
,,30/08/2020,557,4,45591,-1,1,163,0,0,0,128436,9117,6373531,242,63,113650,0,0,0
,,31/08/2020,498,9,74853,5,4,494,0,0,0,128934,9126,6448384,247,67,114144,0,0,0
,,01/09/2020,477,6,57204,26,5,450,0,0,0,129411,9132,6505588,273,72,114594,0,0,0
,,02/09/2020,499,3,57588,-5,-6,443,0,0,0,129910,9135,6563176,268,66,115037,0,0,0
,,03/09/2020,570,4,63058,-14,-4,294,0,0,0,130480,9139,6626234,254,62,115331,0,0,0
,,04/09/2020,631,1,69551,6,3,582,0,0,0,131111,9140,6695785,260,65,115913,0,0,0
,,05/09/2020,648,2,62484,-15,-1,210,0,0,0,131759,9142,6758269,245,64,116123,0,0,0
,,06/09/2020,687,2,58903,1,2,221,0,0,0,132446,9144,6817172,246,66,116344,0,0,0
,,07/09/2020,681,1,51301,6,1,221,0,0,0,133127,9145,6868473,252,67,116565,0,0,0
,,08/09/2020,608,7,53058,-2,-1,987,0,0,0,133735,9152,6921531,250,66,117552,0,0,0
,,09/09/2020,544,2,37160,13,-2,692,0,0,0,134279,9154,6958691,263,64,118244,0,0,0
,,10/09/2020,631,7,72057,7,-5,641,0,0,0,134910,9161,7030748,270,59,118885,0,0,0
,,11/09/2020,703,2,74594,6,-2,776,0,0,0,135613,9163,7105342,276,57,119661,0,0,0
,,12/09/2020,757,6,62129,-3,-3,401,0,0,0,136370,9169,7167471,273,54,120062,0,0,0
,,13/09/2020,807,2,57107,-3,4,356,0,0,0,137177,9171,7224578,270,58,120418,0,0,0
,,14/09/2020,820,8,97884,11,11,793,0,0,0,137997,9179,7322462,281,69,121211,0,0,0
,,15/09/2020,793,9,65957,17,10,607,0,0,0,138790,9188,7388419,298,79,121818,0,0,0
,,16/09/2020,943,5,68922,-13,7,609,0,0,0,139733,9193,7457341,285,86,122427,0,0,0
,,17/09/2020,1121,7,78576,17,3,623,0,0,0,140854,9200,7535917,302,89,123050,0,0,0
,,18/09/2020,1044,5,78529,11,-1,648,0,0,0,141898,9205,7614446,313,88,123698,0,0,0
,,19/09/2020,1102,6,75706,5,3,465,0,0,0,143000,9211,7690152,318,91,124163,0,0,0
,,20/09/2020,1095,6,70152,7,2,505,0,0,0,144095,9217,7760304,325,93,124668,0,0,0
,,21/09/2020,1307,11,94565,17,0,688,0,0,0,145402,9228,7854869,342,93,125356,0,0,0
,,22/09/2020,1247,6,77480,38,0,1525,0,0,0,146649,9234,7932349,380,93,126881,0,0,0
,,23/09/2020,1090,10,81671,28,5,883,0,0,0,147739,9244,8014020,408,98,127764,0,0,0
,,24/09/2020,1341,5,79217,3,7,772,0,0,0,149080,9249,8093237,411,105,128536,0,0,0
,,25/09/2020,1362,6,212398,15,-1,1014,0,0,0,150442,9255,8305635,426,104,129550,0,0,0
,,26/09/2020,1345,7,81932,30,15,755,0,0,0,151787,9262,8387567,456,119,130305,0,0,0
,,27/09/2020,1762,6,73167,11,-4,770,0,0,0,153549,9268,8460734,467,115,131075,0,0,0
,,28/09/2020,1739,10,124085,27,2,1409,0,0,0,155288,9278,8584819,494,117,132484,0,0,0
,,29/09/2020,1660,13,92223,46,0,1240,0,0,0,156948,9291,8677042,540,117,133724,0,0,0
,,30/09/2020,1797,6,84366,32,8,1233,0,0,0,158745,9297,8761408,572,125,134957,0,0,0
,,01/10/2020,1777,22,90172,22,1,1379,0,0,0,160522,9319,8851580,594,126,136336,0,0,0
,,02/10/2020,2122,90,87967,28,6,1263,0,0,0,162644,9409,8939547,622,132,137599,0,0,0
,,03/10/2020,2037,52,87258,7,15,1254,0,0,0,164681,9461,9026805,629,147,138853,0,0,0
,,04/10/2020,2060,18,70367,24,3,1372,0,0,0,166741,9479,9097172,653,150,140225,0,0,0
,,05/10/2020,2205,22,114910,38,-2,1793,0,0,0,168946,9501,9212082,691,148,142018,0,0,0
,,06/10/2020,2364,28,88534,62,2,1962,0,0,0,171310,9529,9300616,753,150,143980,0,0,0
,,07/10/2020,1799,11,93015,22,-4,1672,0,0,0,173109,9540,9393631,775,146,145652,0,0,0
,,08/10/2020,2437,15,99658,46,14,992,0,0,0,175546,9555,9493289,821,160,146644,0,0,0
,,09/10/2020,2558,29,110424,29,-2,1015,0,0,0,178104,9584,9603713,850,158,147659,0,0,0
,,10/10/2020,2469,24,76775,-4,6,3684,0,0,0,180573,9608,9680488,846,164,151343,0,0,0
,,11/10/2020,2101,5,72853,-1,3,1862,0,0,0,182674,9613,9753341,845,167,153205,0,0,0
,,12/10/2020,2145,16,65320,9,3,1708,0,0,0,184819,9629,9818661,854,170,154913,0,0,0
,,13/10/2020,2048,24,112696,62,26,2558,0,0,0,186867,9653,9931357,916,196,157471,0,0,0
,,14/10/2020,2505,10,76302,28,-4,1865,0,0,0,189372,9663,10007659,944,192,159336,0,0,0
,,15/10/2020,2343,36,86809,17,7,2137,0,0,0,191715,9699,10094468,961,199,161473,0,0,0
,,16/10/2020,2378,22,89724,35,5,2156,0,0,0,194093,9721,10184192,996,204,163629,0,0,0
,,17/10/2020,2698,24,75985,31,3,1802,0,0,0,196791,9745,10260177,1027,207,165431,0,0,0
,,18/10/2020,2211,14,68516,-17,3,1666,0,0,0,199002,9759,10328693,1010,210,167097,0,0,0
,,19/10/2020,2421,18,97407,9,2,2559,0,0,0,201423,9777,10426100,1019,212,169656,0,0,0
,,20/10/2020,2256,17,70421,59,8,2074,0,0,0,203679,9794,10496521,1078,220,171730,0,0,0
,,21/10/2020,2671,35,80393,-15,-4,2005,0,0,0,206350,9829,10576914,1063,216,173735,0,0,0
,,22/10/2020,2786,33,86051,12,22,2057,0,0,0,209136,9862,10662965,1075,238,175792,0,0,0
,,23/10/2020,2587,26,88484,5,-1,2072,0,0,0,211723,9888,10751449,1080,237,177864,0,0,0
,,24/10/2020,2936,34,74529,43,-1,1757,0,0,0,214659,9922,10825978,1123,236,179621,0,0,0
,,25/10/2020,3010,24,68194,0,4,1795,0,0,0,217669,9946,10894172,1123,240,181416,0,0,0
,,26/10/2020,2530,27,100773,17,0,2877,0,0,0,220199,9973,10994945,1140,240,184293,0,0,0
,,27/10/2020,2675,28,60391,17,-3,2158,0,0,0,222874,10001,11055336,1157,237,186451,0,0,0
,,28/10/2020,2699,31,74292,6,0,2400,0,0,0,225573,10032,11129628,1163,237,188851,0,0,0
,,29/10/2020,2956,42,393941,5,-8,2345,0,0,0,228529,10074,11523569,1168,229,191196,0,0,0
,,30/10/2020,3457,36,100484,9,13,2728,0,0,0,231986,10110,11624053,1177,242,193924,0,0,0
,,31/10/2020,3444,26,73893,5,-1,1939,0,0,0,235430,10136,11697946,1182,241,195863,0,0,0
,,01/11/2020,3245,42,67293,40,1,1853,0,0,0,238675,10178,11765239,1222,242,197716,0,0,0
,,02/11/2020,3272,30,51221,-2,-5,2403,0,0,0,241947,10208,11816460,1220,237,200119,0,0,0
,,03/11/2020,2973,71,96942,85,10,3373,0,0,0,244920,10279,11913402,1305,247,203492,0,0,0
,,04/11/2020,3283,57,68130,28,-1,2612,0,0,0,248203,10336,11981532,1333,246,206104,0,0,0
,,05/11/2020,3923,45,73272,37,8,2128,0,0,0,252126,10381,12054804,1370,254,208232,0,0,0
,,06/11/2020,3668,53,106130,21,5,2969,0,0,0,255794,10434,12160934,1391,259,211201,0,0,0
,,07/11/2020,4248,54,75290,-14,15,2308,0,0,0,260042,10488,12236224,1377,274,213509,0,0,0
,,08/11/2020,4604,33,147639,6,-2,2240,0,0,0,264646,10521,12383863,1383,272,215749,0,0,0
,,09/11/2020,4074,43,66097,80,18,2637,0,0,0,268720,10564,12449960,1463,290,218386,0,0,0
,,10/11/2020,4302,68,64593,93,15,2880,0,0,0,273022,10632,12514553,1556,305,221266,0,0,0
,,11/11/2020,4562,53,73736,67,13,1920,0,0,0,277584,10685,12588289,1623,318,223186,0,0,0
,,12/11/2020,4976,83,99777,48,18,3576,0,0,0,282560,10768,12688066,1671,336,226762,0,0,0
,,13/11/2020,4742,60,86887,56,17,3871,0,0,0,287302,10828,12774953,1727,353,230633,0,0,0
,,14/11/2020,5274,63,83169,68,0,2269,0,0,0,292576,10891,12858122,1795,353,232902,0,0,0
,,15/11/2020,4801,62,76031,-15,29,3444,0,0,0,297377,10953,12934153,1780,382,236346,0,0,0
,,16/11/2020,4801,74,94669,60,11,3928,0,0,0,302178,11027,13028822,1840,393,240274,0,0,0
,,17/11/2020,4273,59,58776,105,20,3865,0,0,0,306451,11086,13087598,1945,413,244139,0,0,0
,,18/11/2020,4646,100,87813,64,-4,4169,0,0,0,311097,11186,13175411,2009,409,248308,0,0,0
,,19/11/2020,4642,79,97432,18,30,3973,0,0,0,315739,11265,13272843,2027,439,252281,0,0,0
,,20/11/2020,4961,69,299634,21,-15,4352,0,0,0,320700,11334,13572477,2048,424,256633,0,0,0
,,21/11/2020,5713,72,106844,29,8,3752,0,0,0,326413,11406,13679321,2077,432,260385,0,0,0
,,22/11/2020,5413,49,100399,-18,14,3651,0,0,0,331826,11455,13779720,2059,446,264036,0,0,0
,,23/11/2020,5711,65,123645,89,8,5153,0,0,0,337537,11520,13903365,2148,454,269189,0,0,0
,,24/11/2020,4894,96,84751,70,3,4189,0,0,0,342431,11616,13988116,2218,457,273378,0,0,0
,,25/11/2020,5020,94,103064,25,4,3841,0,0,0,347451,11710,14091180,2243,461,277219,0,0,0
,,26/11/2020,5633,89,118602,81,-2,3691,0,0,0,353084,11799,14209782,2324,459,280910,0,0,0
,,27/11/2020,5969,95,117978,26,7,5577,0,0,0,359053,11894,14327760,2350,466,286487,0,0,0
,,28/11/2020,6494,82,118225,72,8,4188,0,0,0,365547,11976,14445985,2422,474,290675,0,0,0
,,29/11/2020,6197,56,112404,16,16,3701,0,0,0,371744,12032,14558389,2438,490,294376,0,0,0
,,30/11/2020,6381,98,144076,107,20,5583,0,0,0,378125,12130,14702465,2545,510,299959,0,0,0
,,01/12/2020,5329,81,95054,93,28,4916,0,0,0,383454,12211,14797519,2638,538,304875,0,0,0
,,02/12/2020,6309,114,118178,82,6,4998,0,0,0,389763,12325,14915697,2720,544,309873,0,0,0
,,03/12/2020,6493,82,129035,4,16,4732,0,0,0,396256,12407,15044732,2724,560,314605,0,0,0
,,04/12/2020,6303,89,178319,69,11,5480,0,0,0,402559,12496,15223051,2793,571,320085,0,0,0
,,05/12/2020,6990,93,120936,37,-7,4784,0,0,0,409549,12589,15343987,2830,564,324869,0,0,0
,,06/12/2020,6992,76,123139,73,1,4256,0,0,0,416541,12665,15467126,2903,565,329125,0,0,0
,,07/12/2020,6503,112,133508,54,19,9603,0,0,0,423044,12777,15600634,2957,584,338728,0,0,0
,,08/12/2020,5978,90,99643,136,17,5459,0,0,0,429022,12867,15700277,3093,601,344187,0,0,0
,,09/12/2020,6294,116,120693,28,19,5811,0,0,0,435316,12983,15820970,3121,620,349998,0,0,0
,,10/12/2020,6738,126,137784,24,11,5724,0,0,0,442054,13109,15958754,3145,631,355722,0,0,0
,,11/12/2020,6772,142,148587,-6,23,6565,0,0,0,448826,13251,16107341,3139,654,362287,0,0,0
,,12/12/2020,6711,99,133355,10,11,6174,0,0,0,455537,13350,16240696,3149,665,368461,0,0,0
,,13/12/2020,6578,81,120936,-9,20,4779,0,0,3900,462115,13431,16361632,3140,685,373240,0,0,3900
,,14/12/2020,6731,122,152071,195,0,6215,5,0,16725,468846,13553,16513703,3335,685,379455,5,0,20625
,,15/12/2020,6347,106,104442,164,19,6507,718,0,3900,475193,13659,16618145,3499,704,385962,723,0,24525
,,16/12/2020,6425,140,128672,50,16,5971,2300,0,3900,481618,13799,16746817,3549,720,391933,3023,0,28425
,,17/12/2020,7007,117,136943,7,0,6466,4179,0,1950,488625,13916,16883760,3556,720,398399,7202,0,30375
,,18/12/2020,6701,124,150995,-50,2,7200,3972,0,0,495326,14040,17034755,3506,722,405599,11174,0,30375
,,19/12/2020,6901,114,135048,36,6,5784,720,0,0,502227,14154,17169803,3542,728,411383,11894,0,30375
,,20/12/2020,6692,74,102735,-36,7,5313,844,0,0,508919,14228,17272538,3506,735,416696,12738,0,30375
,,21/12/2020,6382,104,136080,110,-7,6912,8128,0,50000,515301,14332,17408618,3616,728,423608,20866,0,80375
,,22/12/2020,6194,93,99531,110,0,7940,5737,0,28325,521495,14425,17508149,3726,728,431548,26603,0,108700
,,23/12/2020,6845,172,128434,-1,-2,6891,8486,0,40950,528340,14597,17636583,3725,726,438439,35089,0,149650
,,24/12/2020,6797,153,139507,-31,14,5618,10309,0,0,535137,14750,17776090,3694,740,444057,45398,0,149650
,,25/12/2020,6339,61,77486,20,0,2240,0,0,0,541476,14811,17853576,3714,740,446297,45398,0,149650
,,26/12/2020,5892,55,70035,-223,10,1920,3019,0,0,547368,14866,17923611,3491,750,448217,48417,0,149650
,,27/12/2020,5905,190,138638,105,-11,8970,3863,0,0,553273,15056,18062249,3596,739,457187,52280,0,149650
,,28/12/2020,5768,103,78001,151,18,10926,7169,0,98400,559041,15159,18140250,3747,757,468113,59449,0,248050
,,29/12/2020,6431,220,100763,29,19,9731,11014,0,17825,565472,15379,18241013,3776,776,477844,70463,0,265875
,,30/12/2020,7487,94,94557,404,17,6726,13679,0,3900,572959,15473,18335570,4180,793,484570,84142,0,269775
,,31/12/2020,8439,133,96419,7,23,5230,13440,0,0,581398,15606,18431989,4187,816,489800,97582,0,269775
,,01/01/2021,7494,51,86433,25,1,2466,6208,0,150675,588892,15657,18518422,4212,817,492266,103790,0,420450
,,02/01/2021,7457,58,83616,-242,-3,2800,4942,0,0,596349,15715,18602038,3970,814,495066,108732,0,420450
,,03/01/2021,7148,151,62598,42,26,2481,5302,0,0,603497,15866,18664636,4012,840,497547,114034,0,420450
,,04/01/2021,7916,209,230837,251,-7,20323,23701,0,0,611413,16075,18895473,4263,833,517870,137735,0,420450
,,05/01/2021,7218,159,81129,194,26,5681,17462,0,0,618631,16234,18976602,4457,859,523551,155197,0,420450
,,06/01/2021,8149,136,114230,194,11,7663,28163,430,16380,626780,16370,19090832,4651,870,531214,183360,430,436830
,,07/01/2021,8336,211,132378,-59,-7,7039,36086,657,47775,635116,16581,19223210,4592,863,538253,219446,1087,484605
,,08/01/2021,9215,128,150419,-38,10,7703,41208,940,64350,644331,16709,19373629,4554,873,545956,260654,2027,548955
,,09/01/2021,8665,125,133273,-27,17,6418,35587,913,0,652996,16834,19506902,4527,890,552374,296241,2940,548955
,,10/01/2021,8324,117,118089,-2,-5,6384,23362,2,0,661320,16951,19624991,4525,885,558758,319603,2942,548955
,,11/01/2021,6848,136,115570,158,9,9801,39446,0,0,668168,17087,19740561,4683,894,568559,359049,2942,548955
,,12/01/2021,6289,148,92930,196,7,7872,29444,81,6825,674457,17235,19833491,4879,901,576431,388493,3023,555780
,,13/01/2021,6858,149,116531,-11,23,8205,30716,8908,155025,681315,17384,19950022,4868,924,584636,419209,11931,710805
,,14/01/2021,7566,155,142791,-20,0,8746,40283,2561,34125,688881,17539,20092813,4848,924,593382,459492,14492,744930
,,15/01/2021,6812,191,149568,-61,-16,8512,48195,3502,21835,695693,17730,20242381,4787,908,601894,507687,17994,766765
,,16/01/2021,7063,136,129432,-81,2,6174,35604,1120,15510,702756,17866,20371813,4706,910,608068,543291,19114,782275
,,17/01/2021,6878,149,116491,-92,-16,7241,27451,1190,40490,709634,18015,20488304,4614,894,615309,570742,20304,822765
,,18/01/2021,5425,103,110284,31,-7,7724,43924,730,33000,715059,18118,20598588,4645,887,623033,614666,21034,855765
,,19/01/2021,4689,146,77754,38,3,7383,38987,3351,39975,719748,18264,20676342,4683,890,630416,653653,24385,895740
,,20/01/2021,5732,199,117338,-71,1,8191,42589,12663,29625,725480,18463,20793680,4612,891,638607,696242,37048,925365
,,21/01/2021,5947,160,135162,-122,-10,7109,42622,6204,13685,731427,18623,20928842,4490,881,645716,738864,43252,939050
,,22/01/2021,5966,206,138692,-95,-7,7100,37742,6239,183400,737393,18829,21067534,4395,874,652816,776606,49491,1122450
,,23/01/2021,5651,146,127099,-51,21,6155,24632,4313,0,743044,18975,21194633,4344,895,658971,801238,53804,1122450
,,24/01/2021,5325,120,101163,-140,-7,5636,15213,2637,0,748369,19095,21295796,4204,888,664607,816451,56441,1122450
,,25/01/2021,4628,144,106080,-39,-6,6706,23498,8212,0,752997,19239,21401876,4165,882,671313,839949,64653,1122450
,,26/01/2021,4012,165,70845,50,-12,6740,28505,8158,0,757009,19404,21472721,4215,870,678053,868454,72811,1122450
,,27/01/2021,4206,130,116573,-128,10,5884,22870,9385,0,761215,19534,21589294,4087,880,683937,891324,82196,1122450
,,28/01/2021,4871,130,133014,-112,-18,5464,24703,9748,0,766086,19664,21722308,3975,862,689401,916027,91944,1122450
,,29/01/2021,4696,137,144420,-85,-3,6259,21172,9231,0,770782,19801,21866728,3890,859,695660,937199,101175,1122450
,,30/01/2021,4660,141,110441,-93,-25,5240,15013,8326,0,775442,19942,21977169,3797,834,700900,952212,109501,1122450
,,31/01/2021,4398,91,101919,-180,-9,4741,5017,2389,0,779840,20033,22079088,3617,825,705641,957229,111890,1122450
,,01/02/2021,3734,104,95739,-7,-6,6045,18263,4427,0,783574,20137,22174827,3610,819,711686,975492,116317,1122450
,,02/02/2021,2835,77,82732,39,-20,4939,12710,4770,30225,786409,20214,22257559,3649,799,716625,988202,121087,1152675
,,03/02/2021,3235,142,102402,-163,-11,4436,13266,9046,5265,789644,20356,22359961,3486,788,721061,1001468,130133,1157940
,,04/02/2021,4078,158,133446,-54,-18,4437,18598,12304,2925,793722,20514,22493407,3432,770,725498,1020066,142437,1160865
,,05/02/2021,4023,96,122731,-120,-12,5222,22835,13066,39975,797745,20610,22616138,3312,758,730720,1042901,155503,1200840
,,06/02/2021,3731,102,116570,-124,-11,3914,21469,13484,52300,801476,20712,22732708,3188,747,734634,1064370,168987,1253140
,,07/02/2021,3668,68,102057,-130,3,4121,12927,7597,0,805144,20780,22834765,3058,750,738755,1077297,176584,1253140
,,08/02/2021,2967,56,89143,-29,-8,8346,21449,10850,20875,808111,20836,22923908,3029,742,747101,1098746,187434,1274015
,,09/02/2021,2687,74,68610,-32,-40,3599,25771,16625,4000,810798,20910,22992518,2997,702,750700,1124517,204059,1278015
,,10/02/2021,3175,95,99073,-22,-5,4026,29760,19932,45400,813973,21005,23091591,2975,697,754726,1154277,223991,1323415
,,11/02/2021,3175,84,128235,-159,-30,3593,32412,20109,122510,817148,21089,23219826,2816,667,758319,1186689,244100,1445925
,,12/02/2021,3151,74,128464,-178,-20,3872,35150,22726,0,820299,21163,23348290,2638,647,762191,1221839,266826,1445925
,,13/02/2021,3498,66,109032,-30,-18,3267,33237,20644,0,823797,21229,23457322,2608,629,765458,1255076,287470,1445925
,,14/02/2021,2860,65,93093,-105,1,3038,17824,14262,1675,826657,21294,23550415,2503,630,768496,1272900,301732,1447600
,,15/02/2021,2453,31,64944,39,7,2860,9861,8250,0,829110,21325,23615359,2542,637,771356,1282761,309982,1447600
,,16/02/2021,2459,73,67593,-11,9,4844,26157,17788,0,831569,21398,23682952,2531,646,776200,1308918,327770,1447600
,,17/02/2021,2601,38,83357,-27,-5,3552,20480,15653,91260,834170,21436,23766309,2504,641,779752,1329398,343423,1538860
,,18/02/2021,3317,63,121591,-7,-29,3650,27025,19709,227175,837487,21499,23887900,2497,612,783402,1356423,363132,1766035
,,19/02/2021,3091,78,124887,-122,-15,3359,47850,24562,85675,840578,21577,24012787,2375,597,786761,1404273,387694,1851710
,,20/02/2021,3213,54,106798,-40,-23,3067,49707,16772,0,843791,21631,24119585,2335,574,789828,1453980,404466,1851710
,,21/02/2021,2832,44,88097,-61,11,2766,42397,13012,0,846623,21675,24207682,2274,585,792594,1496377,417478,1851710
,,22/02/2021,2890,49,83236,-1,10,4028,61733,32068,0,849513,21724,24290918,2273,595,796622,1558110,449546,1851710
,,23/02/2021,2743,39,66127,87,9,3200,48362,18226,152100,852256,21763,24357045,2360,604,799822,1606472,467772,2003810
,,24/02/2021,2859,45,115377,-105,13,3095,46090,14275,49140,855115,21808,24472422,2255,617,802917,1652562,482047,2052950
,,25/02/2021,3097,58,125704,-62,-13,3091,58893,16813,13450,858212,21866,24598126,2193,604,806008,1711455,498860,2066400
,,26/02/2021,3183,50,126067,-30,1,3023,67251,13115,375470,861395,21916,24724193,2163,605,809031,1778706,511975,2441870
,,27/02/2021,3250,45,104506,-37,-20,2325,61729,7807,0,864645,21961,24828699,2126,585,811356,1840435,519782,2441870
,,28/02/2021,2820,34,95146,-57,16,2403,46624,5243,0,867465,21995,24923845,2069,601,813759,1887059,525025,2441870
,,01/03/2021,2820,23,90577,45,1,3818,59141,13214,16400,870285,22018,25014422,2114,602,817577,1946200,538239,2458270
,,02/03/2021,2454,28,70989,52,2,2864,72038,9965,56380,872739,22046,25085411,2166,604,820441,2018238,548204,2514650
,,03/03/2021,2812,60,114010,-28,-18,3074,73462,6223,328000,875551,22106,25199421,2138,586,823515,2091700,554427,2842650
,,04/03/2021,2837,46,125638,-27,-2,2812,77717,4455,9360,878388,22152,25325059,2111,584,826327,2169417,558882,2852010
,,05/03/2021,3365,41,125644,-31,-2,3087,85757,3089,79560,881753,22193,25450703,2080,582,829414,2255174,561971,2931570
,,06/03/2021,2870,21,102828,-49,-3,2473,74448,2246,0,884623,22214,25553531,2031,579,831887,2329622,564217,2931570
,,07/03/2021,3020,26,88927,-28,-7,2170,57567,1502,7000,887643,22240,25642458,2003,572,834057,2387189,565719,2938570
,,08/03/2021,3045,37,104373,19,5,4024,86679,9883,0,890688,22277,25746831,2022,577,838081,2473868,575602,2938570
,,09/03/2021,2822,28,72295,64,17,2945,69385,3430,159410,893510,22305,25819126,2086,594,841026,2543253,579032,3097980
,,10/03/2021,3221,31,113260,-20,-16,2927,78036,4451,586410,896731,22336,25932386,2066,578,843953,2621289,583483,3684390
,,11/03/2021,3018,36,120557,-20,2,2752,98028,4168,200880,899749,22372,26052943,2046,580,846705,2719317,587651,3885270
,,12/03/2021,3476,33,124309,-20,-3,3334,110847,3023,450,903225,22405,26177252,2026,577,850039,2830164,590674,3885720
,,13/03/2021,3521,30,102133,13,-6,2489,103843,2657,96500,906746,22435,26279385,2039,571,852528,2934007,593331,3982220
,,14/03/2021,3447,29,88847,-104,5,2477,92658,2002,0,910193,22464,26368232,1935,576,855005,3026665,595333,3982220
,,15/03/2021,2846,32,100257,134,24,3875,124640,5585,0,913039,22496,26468489,2069,600,858880,3151305,600918,3982220
,,16/03/2021,2821,24,67101,59,1,2930,120004,4003,302870,915860,22520,26535590,2128,601,861810,3271309,604921,4285090
,,17/03/2021,3371,35,110170,-20,21,3253,138687,5150,96020,919231,22555,26645760,2108,622,865063,3409996,610071,4381110
,,18/03/2021,3609,35,124708,-23,0,2907,156332,5610,392060,922840,22590,26770468,2085,622,867970,3566328,615681,4773170
,,19/03/2021,4216,27,119930,17,5,3070,162984,5920,300,927056,22617,26890398,2102,627,871040,3729312,621601,4773470
,,20/03/2021,4008,26,103825,10,-12,2540,133373,4613,0,931064,22643,26994223,2112,615,873580,3862685,626214,4773470
,,21/03/2021,3867,33,95046,0,11,2510,91600,3742,0,934931,22676,27089269,2112,626,876090,3954285,629956,4773470
,,22/03/2021,3778,40,88463,81,1,4057,146273,3556,0,938709,22716,27177732,2193,627,880147,4100558,633512,4773470
,,23/03/2021,3603,19,72684,94,31,3120,122714,3915,817830,942312,22735,27250416,2287,658,883267,4223272,637427,5591300
,,24/03/2021,4050,24,125455,-9,11,3237,170604,4944,274950,946362,22759,27375871,2278,669,886504,4393876,642371,5866250
,,25/03/2021,5192,31,129820,15,-6,3338,190074,6620,308158,951554,22790,27505691,2293,663,889842,4583950,648991,6174408
,,26/03/2021,5093,36,124259,-20,31,3619,216981,8300,33122,956647,22826,27629950,2273,694,893461,4800931,657291,6207530
,,27/03/2021,5337,26,113589,70,6,2737,166566,5364,0,961984,22852,27743539,2343,700,896198,4967497,662655,6207530
,,28/03/2021,5126,28,101312,-74,6,2728,146438,3978,0,967110,22880,27844851,2269,706,898926,5113935,666633,6207530
,,29/03/2021,4570,20,104145,-48,20,4673,187299,5581,16400,971680,22900,27948996,2221,726,903599,5301234,672214,6223930
,,30/03/2021,4910,26,84093,285,2,3670,169650,7255,748319,976590,22926,28033089,2506,728,907269,5470884,679469,6972249
,,31/03/2021,5519,33,126662,10,12,4016,219496,6505,183520,982109,22959,28159751,2516,740,911285,5690380,685974,7155769
,,01/04/2021,5800,43,144078,21,17,4053,206465,10154,289901,987909,23002,28303829,2537,757,915338,5896845,696128,7445670
,,02/04/2021,6830,28,124818,68,9,2999,160245,4049,384900,994739,23030,28428647,2605,766,918337,6057090,700177,7830570
,,03/04/2021,6910,20,118127,-374,35,3112,200913,4222,638000,1001649,23050,28546774,2231,801,921449,6258003,704399,8468570
,,04/04/2021,6381,24,87255,22,32,2964,114107,4,142300,1008030,23074,28634029,2253,833,924413,6372110,704403,8610870
,,05/04/2021,6335,44,78251,173,40,8159,183279,14059,1453292,1014365,23118,28712280,2426,873,932572,6555389,718462,10064162
,,06/04/2021,6521,23,125603,266,6,4874,203228,12496,17588,1020886,23141,28837883,2692,879,937446,6758617,730958,10081750
,,07/04/2021,7148,32,119386,271,18,5277,231527,15709,161720,1028034,23173,28957269,2963,897,942723,6990144,746667,10243470
,,08/04/2021,7995,38,153576,61,31,5648,262416,17060,305670,1036029,23211,29110845,3024,928,948371,7252560,763727,10549140
,,09/04/2021,9240,40,147674,64,34,5635,316761,16673,0,1045269,23251,29258519,3088,962,954006,7569321,780400,10549140
,,10/04/2021,8544,36,130019,53,38,4616,245427,13786,71600,1053813,23287,29388538,3141,1000,958622,7814748,794186,10620740
,,11/04/2021,8653,28,115941,46,26,4762,181374,3079,0,1062466,23315,29504479,3187,1026,963384,7996122,797265,10620740
,,12/04/2021,8538,41,130571,201,33,7452,334776,18394,0,1071004,23356,29635050,3388,1059,970836,8330898,815659,10620740
,,13/04/2021,7546,36,99285,217,8,6027,270433,13408,783002,1078550,23392,29734335,3605,1067,976863,8601331,829067,11403742
,,14/04/2021,8595,53,139955,116,30,6636,297534,11535,66518,1087145,23445,29874290,3721,1097,983499,8898865,840602,11470260
,,15/04/2021,9564,55,150197,45,20,6567,306442,13984,1173622,1096709,23500,30024487,3766,1117,990066,9205307,854586,12643882
,,16/04/2021,9346,41,146613,45,61,7128,320425,29426,10128,1106055,23541,30171100,3811,1178,997194,9525732,884012,12654010
,,17/04/2021,8866,50,123382,159,35,6351,254177,24048,0,1114921,23591,30294482,3970,1213,1003545,9779909,908060,12654010
,,18/04/2021,8521,32,114428,40,24,6398,200717,5154,0,1123442,23623,30408910,4010,1237,1009943,9980626,913214,12654010
,,19/04/2021,8325,44,125654,135,25,9829,262792,20270,16200,1131767,23667,30534564,4145,1262,1019772,10243418,933484,12670210
,,20/04/2021,7269,46,101678,192,33,7679,238000,11480,642050,1139036,23713,30636242,4337,1295,1027451,10481418,944964,13312260
,,21/04/2021,8421,50,119517,14,30,7076,316732,12981,155604,1147457,23763,30755759,4351,1325,1034527,10798150,957945,13467864
,,22/04/2021,8371,59,161417,71,20,10708,360486,16570,232830,1155828,23822,30917176,4422,1345,1045235,11158636,974515,13700694
,,23/04/2021,8746,61,149806,-68,22,9101,368302,18965,0,1164574,23883,31066982,4354,1367,1054336,11526938,993480,13700694
,,24/04/2021,8297,44,127625,-4,24,7360,286263,15169,0,1172871,23927,31194607,4350,1391,1061696,11813201,1008649,13700694
,,25/04/2021,7822,38,117042,-150,14,7085,231840,9639,0,1180693,23965,31311649,4200,1405,1068781,12045041,1018288,13700694
,,26/04/2021,7216,59,125788,184,29,9926,262744,8862,0,1187909,24024,31437437,4384,1434,1078707,12307785,1027150,13700694
,,27/04/2021,7073,41,104980,107,2,7897,256540,18926,691470,1194982,24065,31542417,4491,1436,1086604,12564325,1046076,14392164
,,28/04/2021,7748,52,131596,-75,-5,8655,261941,15360,201240,1202730,24117,31674013,4416,1431,1095259,12826266,1061436,14593404
,,29/04/2021,8367,52,137939,-62,32,8196,305605,20617,197260,1211097,24169,31811952,4354,1463,1103455,13131871,1082053,14790664
,,30/04/2021,8321,50,136665,-51,-7,8425,288327,8061,215840,1219418,24219,31948617,4303,1456,1111880,13420198,1090114,15006504
,,01/05/2021,8437,42,132365,-67,13,7345,232177,27716,26830,1227855,24261,32080982,4236,1469,1119225,13652375,1117830,15033334
,,02/05/2021,7815,39,163568,-168,-1,6902,173101,10948,8190,1235670,24300,32244550,4068,1468,1126127,13825476,1128778,15041524
,,03/05/2021,7566,42,117729,-23,-6,9222,226014,8099,35200,1243236,24342,32362279,4045,1462,1135349,14051490,1136877,15076724
,,04/05/2021,6707,54,122693,266,0,7498,232744,19251,1644708,1249943,24396,32484972,4311,1462,1142847,14284234,1156128,16721432
,,05/05/2021,7364,54,136795,-98,-24,8353,283833,17834,394512,1257307,24450,32621767,4213,1438,1151200,14568067,1173962,17115944
,,06/05/2021,8002,39,141800,-147,-13,8299,356627,22204,865928,1265309,24489,32763567,4066,1425,1159499,14924694,1196166,17981872
,,07/05/2021,7853,40,130428,-31,-16,7916,400489,24853,174742,1273162,24529,32893995,4035,1409,1167415,15325183,1221019,18156614
,,08/05/2021,7391,39,119742,-122,-18,6919,326863,19978,9880,1280553,24568,33013737,3913,1391,1174334,15652046,1240997,18166494
,,09/05/2021,7295,58,99916,-193,-5,6893,265509,7934,0,1287848,24626,33113653,3720,1386,1181227,15917555,1248931,18166494
,,10/05/2021,6331,56,95658,1,-18,8442,340600,18194,112600,1294179,24682,33209311,3721,1368,1189669,16258155,1267125,18279094
,,11/05/2021,5386,32,113671,184,-23,6510,299777,18266,1581958,1299565,24714,33322982,3905,1345,1196179,16557932,1285391,19861052
,,12/05/2021,6198,52,127322,-73,-16,8142,346777,22899,348582,1305763,24766,33450304,3832,1329,1204321,16904709,1308290,20209634
,,13/05/2021,6637,59,127177,-49,1,7778,393170,27897,166630,1312400,24825,33577481,3783,1330,1212099,17297879,1336187,20376264
,,14/05/2021,5992,44,122628,-83,13,8002,436443,34192,7700,1318392,24869,33700109,3700,1343,1220101,17734322,1370379,20383964
,,15/05/2021,5713,39,106923,-79,3,6745,364492,25137,0,1324105,24908,33807032,3621,1346,1226846,18098814,1395516,20383964
,,16/05/2021,5393,40,91779,-288,4,6416,317066,15447,0,1329498,24948,33898811,3333,1350,1233262,18415880,1410963,20383964
,,17/05/2021,4589,35,91147,29,-18,8205,390023,13678,0,1334087,24983,33989958,3362,1332,1241467,18805903,1424641,20383964
,,18/05/2021,4041,35,80136,190,-11,6901,282895,26104,1378338,1338128,25018,34070094,3552,1321,1248368,19088798,1450745,21762302
,,19/05/2021,4242,48,109539,-120,-38,7331,355795,35273,415242,1342370,25066,34179633,3432,1283,1255699,19444593,1486018,22177544
,,20/05/2021,5062,45,113294,-131,-40,6653,396969,43523,758380,1347432,25111,34292927,3301,1243,1262352,19841562,1529541,22935924
,,21/05/2021,4675,51,105548,-119,-10,6624,488221,52057,611420,1352107,25162,34398475,3182,1233,1268976,20329783,1581598,23547344
,,22/05/2021,3999,41,90106,-112,-29,5668,388326,47995,383460,1356106,25203,34488581,3070,1204,1274644,20718109,1629593,23930804
,,23/05/2021,3740,28,76603,-182,-14,5460,308497,24034,8700,1359846,25231,34565184,2888,1190,1280104,21026606,1653627,23939504
,,24/05/2021,3148,42,53294,-86,-19,6406,354938,18916,0,1362994,25273,34618478,2802,1171,1286510,21381544,1672543,23939504
,,25/05/2021,2509,51,75140,35,3,5768,256179,23051,1456598,1365503,25324,34693618,2837,1174,1292278,21637723,1695594,25396102
,,26/05/2021,2590,37,65500,14,-25,5669,301323,48124,221030,1368093,25361,34759118,2851,1149,1297947,21939046,1743718,25617132
,,27/05/2021,2967,50,105783,-55,-41,5594,408267,64389,371402,1371060,25411,34864901,2796,1108,1303541,22347313,1808107,25988534
,,28/05/2021,3200,29,102032,-89,-30,5375,463396,70531,18000,1374260,25440,34966933,2707,1078,1308916,22810709,1878638,26006534
,,29/05/2021,2717,38,78106,-151,-28,4513,346320,70501,0,1376977,25478,35045039,2556,1050,1313429,23157029,1949139,26006534
,,30/05/2021,2475,34,68800,-236,-10,4074,315187,64380,0,1379452,25512,35113839,2320,1040,1317503,23472216,2013519,26006534
,,31/05/2021,2113,35,67414,-74,-8,4759,390181,65054,30770,1381565,25547,35181253,2246,1032,1322262,23862397,2078573,26037304
,,01/06/2021,1636,19,60850,62,-44,4209,306949,82954,1724808,1383201,25566,35242103,2308,988,1326471,24169346,2161527,27762112
,,02/06/2021,2064,46,87797,-136,-35,3905,352718,102259,387482,1385265,25612,35329900,2172,953,1330376,24522064,2263786,28149594
,,03/06/2021,2165,32,88964,-65,-55,3622,411460,139149,584080,1387430,25644,35418864,2107,898,1333998,24933524,2402935,28733674
,,04/06/2021,2063,35,75145,-97,-46,3243,463924,168879,145030,1389493,25679,35494009,2010,852,1337241,25397448,2571814,28878704
,,05/06/2021,1883,33,68320,-86,-18,2862,375039,143122,9100,1391376,25712,35562329,1924,834,1340103,25772487,2714936,28887804
,,06/06/2021,1517,12,57681,-84,-19,2522,322977,127267,5100,1392893,25724,35620010,1840,815,1342625,26095464,2842203,28892904
,,07/06/2021,1237,37,64596,-40,-9,2885,407964,153714,945818,1394130,25761,35684606,1800,806,1345510,26503428,2995917,29838722
,,08/06/2021,1267,30,47647,49,-28,2557,352219,189020,554622,1395397,25791,35732253,1849,778,1348067,26855647,3184937,30393344
,,09/06/2021,1390,52,86644,-75,-26,2498,402127,237058,157000,1396787,25843,35818897,1774,752,1350565,27257774,3421995,30550344
,,10/06/2021,1478,30,73178,-126,-19,2569,471790,296634,154280,1398265,25873,35892075,1648,733,1353134,27729564,3718629,30704624
,,11/06/2021,1440,13,76229,-63,-22,2271,510910,326695,728820,1399705,25886,35968304,1585,711,1355405,28240474,4045324,31433444
,,12/06/2021,1381,28,61853,-64,-30,2074,403968,287530,0,1401086,25914,36030157,1521,681,1357479,28644442,4332854,31433444
,,13/06/2021,1233,17,-97378,-119,9,1747,379089,261599,0,1402319,25931,35932779,1402,690,1359226,29023531,4594453,31433444
,,14/06/2021,956,14,216831,-19,-26,1935,447215,316562,3500,1403275,25945,36149610,1383,664,1361161,29470746,4911015,31436944
,,15/06/2021,818,27,37504,46,-40,2020,447106,329287,1489120,1404093,25972,36187114,1429,624,1363181,29917852,5240302,32926064
,,16/06/2021,1056,29,66953,-56,-15,1799,461774,363377,527060,1405149,26001,36254067,1373,609,1364980,30379626,5603679,33453124
,,17/06/2021,1100,11,107827,-78,-30,1803,505466,401406,414950,1406249,26012,36361894,1295,579,1366783,30885092,6005085,33868074
,,18/06/2021,1007,11,72964,-44,-7,1648,532255,435339,207840,1407256,26023,36434858,1251,572,1368431,31417347,6440424,34075914
,,19/06/2021,940,31,33408,-66,-27,1392,419031,352075,469140,1408196,26054,36468266,1185,545,1369823,31836378,6792499,34545054
,,20/06/2021,810,22,29167,-81,2,1159,352896,291666,334006,1409006,26076,36497433,1104,547,1370982,32189274,7084165,34879060
,,21/06/2021,588,11,101973,-36,-9,1491,408790,327801,497700,1409594,26087,36599406,1068,538,1372473,32598064,7411966,35376760
,,22/06/2021,607,68,44505,34,-18,722,472576,407159,1660880,1410201,26155,36643911,1102,520,1373195,33070640,7819125,37037640
,,23/06/2021,717,20,43207,-46,-6,1896,514726,454884,632380,1410918,26175,36687118,1056,514,1375091,33585366,8274009,37670020
,,24/06/2021,721,17,69069,-40,-23,1007,589205,520455,1473774,1411639,26192,36756187,1016,491,1376098,34174571,8794464,39143794
,,25/06/2021,674,5,97093,-38,-13,793,520404,460506,3538508,1412313,26197,36853280,978,478,1376891,34694975,9254970,42682302
,,26/06/2021,689,17,33588,-11,-1,809,440846,397537,0,1413002,26214,36886868,967,477,1377700,35135821,9652507,42682302
,,27/06/2021,679,13,25343,-66,2,620,360000,317577,0,1413681,26227,36912211,901,479,1378320,35495821,9970084,42682302
,,28/06/2021,440,11,93988,-7,-21,1730,703726,619170,159200,1414121,26238,37006199,894,458,1380050,36199547,10589254,42841502
,,29/06/2021,578,35,29713,14,-20,936,576665,520529,1873740,1414699,26273,37035912,908,438,1380986,36776212,11109783,44715242
,,30/06/2021,587,22,67485,-28,-4,914,608608,552275,1119408,1415286,26295,37103397,880,434,1381900,37384820,11662058,45834650
,,01/07/2021,415,19,39048,-7,1,290,431553,402174,0,1415701,26314,37142445,873,435,1382190,37816373,12064232,45834650
,,02/07/2021,603,24,68381,-119,-31,1443,601426,531708,2954588,1416304,26338,37210826,754,404,1383633,38417799,12595940,48789238
,,03/07/2021,385,10,23182,19,-17,392,359243,329680,0,1416689,26348,37234008,773,387,1384025,38777042,12925620,48789238
,,04/07/2021,360,12,21300,-59,-7,391,321859,290800,0,1417049,26360,37255308,714,380,1384416,39098901,13216420,48789238
